{"_runtime":2466.5873759,"_wandb":{"runtime":2467},"val_loss":0.6037564781205408,"train_iou":0.24441808462142944,"_timestamp":1.733314093150262e+09,"_step":49,"epoch":50,"val_iou":0.19528000056743622,"train_loss":0.12907348346861103}